{"cameraMode":{"drawMode":0,"name":"Shaded","section":"Shading Mode"},"sceneLighting":false,"audioPlay":false,"sceneViewState":{"m_AlwaysRefresh":false,"showFog":true,"showSkybox":false,"showFlares":true,"showImageEffects":true,"showParticleSystems":true,"showVisualEffectGraphs":true,"m_FxEnabled":true},"in2DMode":false,"pivot":{"x":74.65797424316406,"y":-16.428131103515626,"z":31.553308486938478},"rotation":{"x":0.12596037983894349,"y":0.5676702260971069,"z":-0.08840550482273102,"w":0.8087601065635681},"size":43.605342864990237,"orthographic":false}