{"cameraMode":{"drawMode":0,"name":"Shaded","section":"Shading Mode"},"sceneLighting":false,"audioPlay":false,"sceneViewState":{"m_AlwaysRefresh":false,"showFog":true,"showSkybox":false,"showFlares":true,"showImageEffects":true,"showParticleSystems":true,"showVisualEffectGraphs":true,"m_FxEnabled":true},"in2DMode":false,"pivot":{"x":-8.052927017211914,"y":23.315292358398439,"z":-1.2075881958007813},"rotation":{"x":0.20613980293273927,"y":-0.24363049864768983,"z":0.05307263880968094,"w":0.9462346434593201},"size":1.9408272504806519,"orthographic":false}